[{"model": "polls.poll", "pk": 1, "fields": {"title": "test", "description": "test", "create_date": "2023-07-09T21:21:32.110Z", "update_date": "2023-07-09T21:22:08.941Z", "is_active": true}}, {"model": "polls.poll", "pk": 2, "fields": {"title": "test2", "description": "test2", "create_date": "2023-07-09T23:19:50.034Z", "update_date": "2023-07-09T23:20:36.233Z", "is_active": true}}, {"model": "polls.poll", "pk": 3, "fields": {"title": "test3", "description": "tes3", "create_date": "2023-07-09T23:56:05.642Z", "update_date": "2023-07-09T23:56:39.136Z", "is_active": true}}, {"model": "polls.poll", "pk": 4, "fields": {"title": "test", "description": "test", "create_date": "2023-07-10T00:01:07.738Z", "update_date": "2023-07-10T00:01:41.634Z", "is_active": true}}, {"model": "polls.poll", "pk": 5, "fields": {"title": "Столицы стран", "description": "Тестирование проверяет знание политической географии", "create_date": "2023-07-12T23:12:07.356Z", "update_date": "2023-07-12T23:22:53.303Z", "is_active": true}}, {"model": "polls.completedpool", "pk": 18, "fields": {"title": "test", "user": 1, "origin": 1, "question_amount": 2, "correct_answers_amount": 1, "date_completed": "2023-07-12T19:13:41.023Z", "attempt": 1}}, {"model": "polls.completedpool", "pk": 19, "fields": {"title": "test", "user": 1, "origin": 1, "question_amount": 2, "correct_answers_amount": 2, "date_completed": "2023-07-12T19:32:59.879Z", "attempt": 2}}, {"model": "polls.completedpool", "pk": 20, "fields": {"title": "test3", "user": 1, "origin": 3, "question_amount": 2, "correct_answers_amount": 0, "date_completed": "2023-07-12T19:35:55.043Z", "attempt": 1}}, {"model": "polls.completedpool", "pk": 21, "fields": {"title": "test", "user": 1, "origin": 4, "question_amount": 2, "correct_answers_amount": 1, "date_completed": "2023-07-12T19:39:21.348Z", "attempt": 1}}, {"model": "polls.completedpool", "pk": 22, "fields": {"title": "test", "user": 1, "origin": 1, "question_amount": 2, "correct_answers_amount": 2, "date_completed": "2023-07-12T19:43:02.909Z", "attempt": 3}}, {"model": "polls.completedpool", "pk": 23, "fields": {"title": "test", "user": 1, "origin": 1, "question_amount": 2, "correct_answers_amount": 2, "date_completed": "2023-07-12T19:44:01.105Z", "attempt": 4}}, {"model": "polls.completedpool", "pk": 24, "fields": {"title": "test", "user": 1, "origin": 1, "question_amount": 2, "correct_answers_amount": 2, "date_completed": "2023-07-12T19:55:20.852Z", "attempt": 5}}, {"model": "polls.completedpool", "pk": 25, "fields": {"title": "test", "user": 1, "origin": 1, "question_amount": 2, "correct_answers_amount": 0, "date_completed": "2023-07-12T19:55:31.387Z", "attempt": 6}}, {"model": "polls.completedpool", "pk": 26, "fields": {"title": "test", "user": 1, "origin": 1, "question_amount": 2, "correct_answers_amount": 2, "date_completed": "2023-07-12T19:55:35.296Z", "attempt": 7}}, {"model": "polls.completedpool", "pk": 27, "fields": {"title": "test", "user": 1, "origin": 1, "question_amount": 2, "correct_answers_amount": 0, "date_completed": "2023-07-12T19:55:40.977Z", "attempt": 8}}, {"model": "polls.completedpool", "pk": 28, "fields": {"title": "test", "user": 1, "origin": 1, "question_amount": 2, "correct_answers_amount": 1, "date_completed": "2023-07-12T19:55:56.319Z", "attempt": 9}}, {"model": "polls.completedpool", "pk": 29, "fields": {"title": "test", "user": 1, "origin": 1, "question_amount": 2, "correct_answers_amount": 2, "date_completed": "2023-07-12T19:55:59.668Z", "attempt": 10}}, {"model": "polls.completedpool", "pk": 30, "fields": {"title": "test", "user": 1, "origin": 1, "question_amount": 2, "correct_answers_amount": 2, "date_completed": "2023-07-12T19:56:03.057Z", "attempt": 11}}, {"model": "polls.completedpool", "pk": 31, "fields": {"title": "test", "user": 1, "origin": 1, "question_amount": 2, "correct_answers_amount": 2, "date_completed": "2023-07-12T22:41:29.116Z", "attempt": 12}}, {"model": "polls.completedpool", "pk": 32, "fields": {"title": "test", "user": 1, "origin": 4, "question_amount": 2, "correct_answers_amount": 2, "date_completed": "2023-07-12T22:41:50.299Z", "attempt": 2}}, {"model": "polls.completedpool", "pk": 33, "fields": {"title": "test", "user": 1, "origin": 4, "question_amount": 2, "correct_answers_amount": 0, "date_completed": "2023-07-12T23:05:01.896Z", "attempt": 3}}, {"model": "polls.completedpool", "pk": 34, "fields": {"title": "Столицы стран", "user": 1, "origin": 5, "question_amount": 5, "correct_answers_amount": 5, "date_completed": "2023-07-12T23:23:24.402Z", "attempt": 1}}, {"model": "polls.question", "pk": 1, "fields": {"text": "Тестовый вопрос", "pool": 1, "is_active": true}}, {"model": "polls.question", "pk": 2, "fields": {"text": "Тестовый вопрос 2", "pool": 1, "is_active": true}}, {"model": "polls.question", "pk": 3, "fields": {"text": "Тестовый вопрос", "pool": 2, "is_active": true}}, {"model": "polls.question", "pk": 4, "fields": {"text": "Тестовый вопрос 2", "pool": 2, "is_active": true}}, {"model": "polls.question", "pk": 5, "fields": {"text": "Тестовый вопрос", "pool": 3, "is_active": true}}, {"model": "polls.question", "pk": 6, "fields": {"text": "test", "pool": 3, "is_active": true}}, {"model": "polls.question", "pk": 7, "fields": {"text": "test", "pool": 4, "is_active": true}}, {"model": "polls.question", "pk": 8, "fields": {"text": "test", "pool": 4, "is_active": true}}, {"model": "polls.question", "pk": 9, "fields": {"text": "Столица Ватикана", "pool": 5, "is_active": true}}, {"model": "polls.question", "pk": 10, "fields": {"text": "Какие города были столицей Индии в 20 веке", "pool": 5, "is_active": true}}, {"model": "polls.question", "pk": 11, "fields": {"text": "Столица Российской империи", "pool": 5, "is_active": true}}, {"model": "polls.question", "pk": 12, "fields": {"text": "Столица Бургундии (13 век)", "pool": 5, "is_active": true}}, {"model": "polls.question", "pk": 13, "fields": {"text": "Столица Шотландии", "pool": 5, "is_active": true}}, {"model": "polls.answeredquestion", "pk": 31, "fields": {"text": "Тестовый вопрос", "origin": 1, "pool": 18, "is_correct": true}}, {"model": "polls.answeredquestion", "pk": 32, "fields": {"text": "Тестовый вопрос 2", "origin": 2, "pool": 18, "is_correct": false}}, {"model": "polls.answeredquestion", "pk": 33, "fields": {"text": "Тестовый вопрос", "origin": 1, "pool": 19, "is_correct": true}}, {"model": "polls.answeredquestion", "pk": 34, "fields": {"text": "Тестовый вопрос 2", "origin": 2, "pool": 19, "is_correct": true}}, {"model": "polls.answeredquestion", "pk": 35, "fields": {"text": "Тестовый вопрос", "origin": 5, "pool": 20, "is_correct": false}}, {"model": "polls.answeredquestion", "pk": 36, "fields": {"text": "test", "origin": 6, "pool": 20, "is_correct": false}}, {"model": "polls.answeredquestion", "pk": 37, "fields": {"text": "test", "origin": 7, "pool": 21, "is_correct": false}}, {"model": "polls.answeredquestion", "pk": 38, "fields": {"text": "test", "origin": 8, "pool": 21, "is_correct": true}}, {"model": "polls.answeredquestion", "pk": 39, "fields": {"text": "Тестовый вопрос", "origin": 1, "pool": 22, "is_correct": true}}, {"model": "polls.answeredquestion", "pk": 40, "fields": {"text": "Тестовый вопрос 2", "origin": 2, "pool": 22, "is_correct": true}}, {"model": "polls.answeredquestion", "pk": 41, "fields": {"text": "Тестовый вопрос", "origin": 1, "pool": 23, "is_correct": true}}, {"model": "polls.answeredquestion", "pk": 42, "fields": {"text": "Тестовый вопрос 2", "origin": 2, "pool": 23, "is_correct": true}}, {"model": "polls.answeredquestion", "pk": 43, "fields": {"text": "Тестовый вопрос", "origin": 1, "pool": 24, "is_correct": true}}, {"model": "polls.answeredquestion", "pk": 44, "fields": {"text": "Тестовый вопрос 2", "origin": 2, "pool": 24, "is_correct": true}}, {"model": "polls.answeredquestion", "pk": 45, "fields": {"text": "Тестовый вопрос", "origin": 1, "pool": 25, "is_correct": false}}, {"model": "polls.answeredquestion", "pk": 46, "fields": {"text": "Тестовый вопрос 2", "origin": 2, "pool": 25, "is_correct": false}}, {"model": "polls.answeredquestion", "pk": 47, "fields": {"text": "Тестовый вопрос", "origin": 1, "pool": 26, "is_correct": true}}, {"model": "polls.answeredquestion", "pk": 48, "fields": {"text": "Тестовый вопрос 2", "origin": 2, "pool": 26, "is_correct": true}}, {"model": "polls.answeredquestion", "pk": 49, "fields": {"text": "Тестовый вопрос", "origin": 1, "pool": 27, "is_correct": false}}, {"model": "polls.answeredquestion", "pk": 50, "fields": {"text": "Тестовый вопрос 2", "origin": 2, "pool": 27, "is_correct": false}}, {"model": "polls.answeredquestion", "pk": 51, "fields": {"text": "Тестовый вопрос", "origin": 1, "pool": 28, "is_correct": false}}, {"model": "polls.answeredquestion", "pk": 52, "fields": {"text": "Тестовый вопрос 2", "origin": 2, "pool": 28, "is_correct": true}}, {"model": "polls.answeredquestion", "pk": 53, "fields": {"text": "Тестовый вопрос", "origin": 1, "pool": 29, "is_correct": true}}, {"model": "polls.answeredquestion", "pk": 54, "fields": {"text": "Тестовый вопрос 2", "origin": 2, "pool": 29, "is_correct": true}}, {"model": "polls.answeredquestion", "pk": 55, "fields": {"text": "Тестовый вопрос", "origin": 1, "pool": 30, "is_correct": true}}, {"model": "polls.answeredquestion", "pk": 56, "fields": {"text": "Тестовый вопрос 2", "origin": 2, "pool": 30, "is_correct": true}}, {"model": "polls.answeredquestion", "pk": 57, "fields": {"text": "Тестовый вопрос", "origin": 1, "pool": 31, "is_correct": true}}, {"model": "polls.answeredquestion", "pk": 58, "fields": {"text": "Тестовый вопрос 2", "origin": 2, "pool": 31, "is_correct": true}}, {"model": "polls.answeredquestion", "pk": 59, "fields": {"text": "test", "origin": 7, "pool": 32, "is_correct": true}}, {"model": "polls.answeredquestion", "pk": 60, "fields": {"text": "test", "origin": 8, "pool": 32, "is_correct": true}}, {"model": "polls.answeredquestion", "pk": 61, "fields": {"text": "test", "origin": 7, "pool": 33, "is_correct": false}}, {"model": "polls.answeredquestion", "pk": 62, "fields": {"text": "test", "origin": 8, "pool": 33, "is_correct": false}}, {"model": "polls.answeredquestion", "pk": 63, "fields": {"text": "Столица Ватикана", "origin": 9, "pool": 34, "is_correct": true}}, {"model": "polls.answeredquestion", "pk": 64, "fields": {"text": "Какие города были столицей Индии в 20 веке", "origin": 10, "pool": 34, "is_correct": true}}, {"model": "polls.answeredquestion", "pk": 65, "fields": {"text": "Столица Российской империи", "origin": 11, "pool": 34, "is_correct": true}}, {"model": "polls.answeredquestion", "pk": 66, "fields": {"text": "Столица Бургундии (13 век)", "origin": 12, "pool": 34, "is_correct": true}}, {"model": "polls.answeredquestion", "pk": 67, "fields": {"text": "Столица Шотландии", "origin": 13, "pool": 34, "is_correct": true}}, {"model": "polls.option", "pk": 1, "fields": {"text": "Верный ответ", "is_correct": true, "question": 1}}, {"model": "polls.option", "pk": 2, "fields": {"text": "Не верный ответ", "is_correct": false, "question": 1}}, {"model": "polls.option", "pk": 3, "fields": {"text": "Верный ответ", "is_correct": true, "question": 2}}, {"model": "polls.option", "pk": 4, "fields": {"text": "Не верный ответ", "is_correct": false, "question": 2}}, {"model": "polls.option", "pk": 5, "fields": {"text": "Верный ответ", "is_correct": true, "question": 3}}, {"model": "polls.option", "pk": 6, "fields": {"text": "Не верный ответ", "is_correct": false, "question": 3}}, {"model": "polls.option", "pk": 7, "fields": {"text": "Верный ответ", "is_correct": true, "question": 4}}, {"model": "polls.option", "pk": 8, "fields": {"text": "Не верный ответ", "is_correct": false, "question": 4}}, {"model": "polls.option", "pk": 9, "fields": {"text": "Верный ответ", "is_correct": true, "question": 5}}, {"model": "polls.option", "pk": 10, "fields": {"text": "Не верный ответ", "is_correct": false, "question": 5}}, {"model": "polls.option", "pk": 11, "fields": {"text": "Верный ответ", "is_correct": true, "question": 6}}, {"model": "polls.option", "pk": 12, "fields": {"text": "Не верный ответ", "is_correct": false, "question": 6}}, {"model": "polls.option", "pk": 13, "fields": {"text": "test", "is_correct": true, "question": 7}}, {"model": "polls.option", "pk": 14, "fields": {"text": "test", "is_correct": false, "question": 7}}, {"model": "polls.option", "pk": 15, "fields": {"text": "test", "is_correct": true, "question": 8}}, {"model": "polls.option", "pk": 16, "fields": {"text": "test", "is_correct": false, "question": 8}}, {"model": "polls.option", "pk": 17, "fields": {"text": "Ватикан", "is_correct": true, "question": 9}}, {"model": "polls.option", "pk": 18, "fields": {"text": "Рим", "is_correct": false, "question": 9}}, {"model": "polls.option", "pk": 19, "fields": {"text": "Милан", "is_correct": false, "question": 9}}, {"model": "polls.option", "pk": 20, "fields": {"text": "Неаполь", "is_correct": false, "question": 9}}, {"model": "polls.option", "pk": 21, "fields": {"text": "Нью-Дели", "is_correct": true, "question": 10}}, {"model": "polls.option", "pk": 22, "fields": {"text": "Дели", "is_correct": true, "question": 10}}, {"model": "polls.option", "pk": 23, "fields": {"text": "Аллахабад", "is_correct": false, "question": 10}}, {"model": "polls.option", "pk": 24, "fields": {"text": "Калькутта", "is_correct": true, "question": 10}}, {"model": "polls.option", "pk": 25, "fields": {"text": "Москва", "is_correct": false, "question": 11}}, {"model": "polls.option", "pk": 26, "fields": {"text": "Санкт-Перетбург", "is_correct": true, "question": 11}}, {"model": "polls.option", "pk": 27, "fields": {"text": "Казань", "is_correct": false, "question": 11}}, {"model": "polls.option", "pk": 28, "fields": {"text": "Монте-Карло", "is_correct": false, "question": 12}}, {"model": "polls.option", "pk": 29, "fields": {"text": "Ахен", "is_correct": false, "question": 12}}, {"model": "polls.option", "pk": 30, "fields": {"text": "Дижон", "is_correct": true, "question": 12}}, {"model": "polls.option", "pk": 31, "fields": {"text": "Дижон", "is_correct": false, "question": 13}}, {"model": "polls.option", "pk": 32, "fields": {"text": "Глазго", "is_correct": false, "question": 13}}, {"model": "polls.option", "pk": 33, "fields": {"text": "Лондон", "is_correct": false, "question": 13}}, {"model": "polls.option", "pk": 34, "fields": {"text": "Эдинбург", "is_correct": true, "question": 13}}, {"model": "polls.chosenoption", "pk": 48, "fields": {"text": "Верный ответ", "is_correct": true, "origin": 1, "is_chosen": true, "question": 31}}, {"model": "polls.chosenoption", "pk": 49, "fields": {"text": "Не верный ответ", "is_correct": false, "origin": 2, "is_chosen": false, "question": 31}}, {"model": "polls.chosenoption", "pk": 50, "fields": {"text": "Верный ответ", "is_correct": true, "origin": 3, "is_chosen": false, "question": 32}}, {"model": "polls.chosenoption", "pk": 51, "fields": {"text": "Не верный ответ", "is_correct": false, "origin": 4, "is_chosen": true, "question": 32}}, {"model": "polls.chosenoption", "pk": 52, "fields": {"text": "Верный ответ", "is_correct": true, "origin": 1, "is_chosen": true, "question": 33}}, {"model": "polls.chosenoption", "pk": 53, "fields": {"text": "Не верный ответ", "is_correct": false, "origin": 2, "is_chosen": false, "question": 33}}, {"model": "polls.chosenoption", "pk": 54, "fields": {"text": "Верный ответ", "is_correct": true, "origin": 3, "is_chosen": true, "question": 34}}, {"model": "polls.chosenoption", "pk": 55, "fields": {"text": "Не верный ответ", "is_correct": false, "origin": 4, "is_chosen": false, "question": 34}}, {"model": "polls.chosenoption", "pk": 56, "fields": {"text": "Верный ответ", "is_correct": true, "origin": 9, "is_chosen": false, "question": 35}}, {"model": "polls.chosenoption", "pk": 57, "fields": {"text": "Не верный ответ", "is_correct": false, "origin": 10, "is_chosen": true, "question": 35}}, {"model": "polls.chosenoption", "pk": 58, "fields": {"text": "Верный ответ", "is_correct": true, "origin": 11, "is_chosen": false, "question": 36}}, {"model": "polls.chosenoption", "pk": 59, "fields": {"text": "Не верный ответ", "is_correct": false, "origin": 12, "is_chosen": true, "question": 36}}, {"model": "polls.chosenoption", "pk": 60, "fields": {"text": "test", "is_correct": true, "origin": 13, "is_chosen": true, "question": 37}}, {"model": "polls.chosenoption", "pk": 61, "fields": {"text": "test", "is_correct": false, "origin": 14, "is_chosen": true, "question": 37}}, {"model": "polls.chosenoption", "pk": 62, "fields": {"text": "test", "is_correct": true, "origin": 15, "is_chosen": true, "question": 38}}, {"model": "polls.chosenoption", "pk": 63, "fields": {"text": "test", "is_correct": false, "origin": 16, "is_chosen": false, "question": 38}}, {"model": "polls.chosenoption", "pk": 64, "fields": {"text": "Верный ответ", "is_correct": true, "origin": 1, "is_chosen": true, "question": 39}}, {"model": "polls.chosenoption", "pk": 65, "fields": {"text": "Не верный ответ", "is_correct": false, "origin": 2, "is_chosen": false, "question": 39}}, {"model": "polls.chosenoption", "pk": 66, "fields": {"text": "Верный ответ", "is_correct": true, "origin": 3, "is_chosen": true, "question": 40}}, {"model": "polls.chosenoption", "pk": 67, "fields": {"text": "Не верный ответ", "is_correct": false, "origin": 4, "is_chosen": false, "question": 40}}, {"model": "polls.chosenoption", "pk": 68, "fields": {"text": "Верный ответ", "is_correct": true, "origin": 1, "is_chosen": true, "question": 41}}, {"model": "polls.chosenoption", "pk": 69, "fields": {"text": "Не верный ответ", "is_correct": false, "origin": 2, "is_chosen": false, "question": 41}}, {"model": "polls.chosenoption", "pk": 70, "fields": {"text": "Верный ответ", "is_correct": true, "origin": 3, "is_chosen": true, "question": 42}}, {"model": "polls.chosenoption", "pk": 71, "fields": {"text": "Не верный ответ", "is_correct": false, "origin": 4, "is_chosen": false, "question": 42}}, {"model": "polls.chosenoption", "pk": 72, "fields": {"text": "Верный ответ", "is_correct": true, "origin": 1, "is_chosen": true, "question": 43}}, {"model": "polls.chosenoption", "pk": 73, "fields": {"text": "Не верный ответ", "is_correct": false, "origin": 2, "is_chosen": false, "question": 43}}, {"model": "polls.chosenoption", "pk": 74, "fields": {"text": "Верный ответ", "is_correct": true, "origin": 3, "is_chosen": true, "question": 44}}, {"model": "polls.chosenoption", "pk": 75, "fields": {"text": "Не верный ответ", "is_correct": false, "origin": 4, "is_chosen": false, "question": 44}}, {"model": "polls.chosenoption", "pk": 76, "fields": {"text": "Верный ответ", "is_correct": true, "origin": 1, "is_chosen": false, "question": 45}}, {"model": "polls.chosenoption", "pk": 77, "fields": {"text": "Не верный ответ", "is_correct": false, "origin": 2, "is_chosen": true, "question": 45}}, {"model": "polls.chosenoption", "pk": 78, "fields": {"text": "Верный ответ", "is_correct": true, "origin": 3, "is_chosen": false, "question": 46}}, {"model": "polls.chosenoption", "pk": 79, "fields": {"text": "Не верный ответ", "is_correct": false, "origin": 4, "is_chosen": true, "question": 46}}, {"model": "polls.chosenoption", "pk": 80, "fields": {"text": "Верный ответ", "is_correct": true, "origin": 1, "is_chosen": true, "question": 47}}, {"model": "polls.chosenoption", "pk": 81, "fields": {"text": "Не верный ответ", "is_correct": false, "origin": 2, "is_chosen": false, "question": 47}}, {"model": "polls.chosenoption", "pk": 82, "fields": {"text": "Верный ответ", "is_correct": true, "origin": 3, "is_chosen": true, "question": 48}}, {"model": "polls.chosenoption", "pk": 83, "fields": {"text": "Не верный ответ", "is_correct": false, "origin": 4, "is_chosen": false, "question": 48}}, {"model": "polls.chosenoption", "pk": 84, "fields": {"text": "Верный ответ", "is_correct": true, "origin": 1, "is_chosen": true, "question": 49}}, {"model": "polls.chosenoption", "pk": 85, "fields": {"text": "Не верный ответ", "is_correct": false, "origin": 2, "is_chosen": true, "question": 49}}, {"model": "polls.chosenoption", "pk": 86, "fields": {"text": "Верный ответ", "is_correct": true, "origin": 3, "is_chosen": true, "question": 50}}, {"model": "polls.chosenoption", "pk": 87, "fields": {"text": "Не верный ответ", "is_correct": false, "origin": 4, "is_chosen": true, "question": 50}}, {"model": "polls.chosenoption", "pk": 88, "fields": {"text": "Верный ответ", "is_correct": true, "origin": 1, "is_chosen": false, "question": 51}}, {"model": "polls.chosenoption", "pk": 89, "fields": {"text": "Не верный ответ", "is_correct": false, "origin": 2, "is_chosen": true, "question": 51}}, {"model": "polls.chosenoption", "pk": 90, "fields": {"text": "Верный ответ", "is_correct": true, "origin": 3, "is_chosen": true, "question": 52}}, {"model": "polls.chosenoption", "pk": 91, "fields": {"text": "Не верный ответ", "is_correct": false, "origin": 4, "is_chosen": false, "question": 52}}, {"model": "polls.chosenoption", "pk": 92, "fields": {"text": "Верный ответ", "is_correct": true, "origin": 1, "is_chosen": true, "question": 53}}, {"model": "polls.chosenoption", "pk": 93, "fields": {"text": "Не верный ответ", "is_correct": false, "origin": 2, "is_chosen": false, "question": 53}}, {"model": "polls.chosenoption", "pk": 94, "fields": {"text": "Верный ответ", "is_correct": true, "origin": 3, "is_chosen": true, "question": 54}}, {"model": "polls.chosenoption", "pk": 95, "fields": {"text": "Не верный ответ", "is_correct": false, "origin": 4, "is_chosen": false, "question": 54}}, {"model": "polls.chosenoption", "pk": 96, "fields": {"text": "Верный ответ", "is_correct": true, "origin": 1, "is_chosen": true, "question": 55}}, {"model": "polls.chosenoption", "pk": 97, "fields": {"text": "Не верный ответ", "is_correct": false, "origin": 2, "is_chosen": false, "question": 55}}, {"model": "polls.chosenoption", "pk": 98, "fields": {"text": "Верный ответ", "is_correct": true, "origin": 3, "is_chosen": true, "question": 56}}, {"model": "polls.chosenoption", "pk": 99, "fields": {"text": "Не верный ответ", "is_correct": false, "origin": 4, "is_chosen": false, "question": 56}}, {"model": "polls.chosenoption", "pk": 100, "fields": {"text": "Верный ответ", "is_correct": true, "origin": 1, "is_chosen": true, "question": 57}}, {"model": "polls.chosenoption", "pk": 101, "fields": {"text": "Не верный ответ", "is_correct": false, "origin": 2, "is_chosen": false, "question": 57}}, {"model": "polls.chosenoption", "pk": 102, "fields": {"text": "Верный ответ", "is_correct": true, "origin": 3, "is_chosen": true, "question": 58}}, {"model": "polls.chosenoption", "pk": 103, "fields": {"text": "Не верный ответ", "is_correct": false, "origin": 4, "is_chosen": false, "question": 58}}, {"model": "polls.chosenoption", "pk": 104, "fields": {"text": "test", "is_correct": true, "origin": 13, "is_chosen": true, "question": 59}}, {"model": "polls.chosenoption", "pk": 105, "fields": {"text": "test", "is_correct": false, "origin": 14, "is_chosen": false, "question": 59}}, {"model": "polls.chosenoption", "pk": 106, "fields": {"text": "test", "is_correct": true, "origin": 15, "is_chosen": true, "question": 60}}, {"model": "polls.chosenoption", "pk": 107, "fields": {"text": "test", "is_correct": false, "origin": 16, "is_chosen": false, "question": 60}}, {"model": "polls.chosenoption", "pk": 108, "fields": {"text": "test", "is_correct": true, "origin": 13, "is_chosen": true, "question": 61}}, {"model": "polls.chosenoption", "pk": 109, "fields": {"text": "test", "is_correct": false, "origin": 14, "is_chosen": true, "question": 61}}, {"model": "polls.chosenoption", "pk": 110, "fields": {"text": "test", "is_correct": true, "origin": 15, "is_chosen": true, "question": 62}}, {"model": "polls.chosenoption", "pk": 111, "fields": {"text": "test", "is_correct": false, "origin": 16, "is_chosen": true, "question": 62}}, {"model": "polls.chosenoption", "pk": 112, "fields": {"text": "Ватикан", "is_correct": true, "origin": 17, "is_chosen": true, "question": 63}}, {"model": "polls.chosenoption", "pk": 113, "fields": {"text": "Рим", "is_correct": false, "origin": 18, "is_chosen": false, "question": 63}}, {"model": "polls.chosenoption", "pk": 114, "fields": {"text": "Милан", "is_correct": false, "origin": 19, "is_chosen": false, "question": 63}}, {"model": "polls.chosenoption", "pk": 115, "fields": {"text": "Неаполь", "is_correct": false, "origin": 20, "is_chosen": false, "question": 63}}, {"model": "polls.chosenoption", "pk": 116, "fields": {"text": "Нью-Дели", "is_correct": true, "origin": 21, "is_chosen": true, "question": 64}}, {"model": "polls.chosenoption", "pk": 117, "fields": {"text": "Дели", "is_correct": true, "origin": 22, "is_chosen": true, "question": 64}}, {"model": "polls.chosenoption", "pk": 118, "fields": {"text": "Аллахабад", "is_correct": false, "origin": 23, "is_chosen": false, "question": 64}}, {"model": "polls.chosenoption", "pk": 119, "fields": {"text": "Калькутта", "is_correct": true, "origin": 24, "is_chosen": true, "question": 64}}, {"model": "polls.chosenoption", "pk": 120, "fields": {"text": "Москва", "is_correct": false, "origin": 25, "is_chosen": false, "question": 65}}, {"model": "polls.chosenoption", "pk": 121, "fields": {"text": "Санкт-Перетбург", "is_correct": true, "origin": 26, "is_chosen": true, "question": 65}}, {"model": "polls.chosenoption", "pk": 122, "fields": {"text": "Казань", "is_correct": false, "origin": 27, "is_chosen": false, "question": 65}}, {"model": "polls.chosenoption", "pk": 123, "fields": {"text": "Монте-Карло", "is_correct": false, "origin": 28, "is_chosen": false, "question": 66}}, {"model": "polls.chosenoption", "pk": 124, "fields": {"text": "Ахен", "is_correct": false, "origin": 29, "is_chosen": false, "question": 66}}, {"model": "polls.chosenoption", "pk": 125, "fields": {"text": "Дижон", "is_correct": true, "origin": 30, "is_chosen": true, "question": 66}}, {"model": "polls.chosenoption", "pk": 126, "fields": {"text": "Дижон", "is_correct": false, "origin": 31, "is_chosen": false, "question": 67}}, {"model": "polls.chosenoption", "pk": 127, "fields": {"text": "Глазго", "is_correct": false, "origin": 32, "is_chosen": false, "question": 67}}, {"model": "polls.chosenoption", "pk": 128, "fields": {"text": "Лондон", "is_correct": false, "origin": 33, "is_chosen": false, "question": 67}}, {"model": "polls.chosenoption", "pk": 129, "fields": {"text": "Эдинбург", "is_correct": true, "origin": 34, "is_chosen": true, "question": 67}}, {"model": "admin.logentry", "pk": 1, "fields": {"action_time": "2023-07-09T21:21:32.114Z", "user": 1, "content_type": 2, "object_id": "1", "object_repr": "test", "action_flag": 1, "change_message": "[{\"added\": {}}]"}}, {"model": "admin.logentry", "pk": 2, "fields": {"action_time": "2023-07-09T21:21:43.959Z", "user": 1, "content_type": 3, "object_id": "1", "object_repr": "Тестовый вопрос", "action_flag": 1, "change_message": "[{\"added\": {}}, {\"added\": {\"name\": \"\\u0412\\u0430\\u0440\\u0438\\u0430\\u043d\\u0442 \\u043e\\u0442\\u0432\\u0435\\u0442\\u0430\", \"object\": \"\\u0412\\u0435\\u0440\\u043d\\u044b\\u0439 \\u043e\\u0442\\u0432\\u0435\\u0442\"}}, {\"added\": {\"name\": \"\\u0412\\u0430\\u0440\\u0438\\u0430\\u043d\\u0442 \\u043e\\u0442\\u0432\\u0435\\u0442\\u0430\", \"object\": \"\\u041d\\u0435 \\u0432\\u0435\\u0440\\u043d\\u044b\\u0439 \\u043e\\u0442\\u0432\\u0435\\u0442\"}}]"}}, {"model": "admin.logentry", "pk": 3, "fields": {"action_time": "2023-07-09T21:21:59.449Z", "user": 1, "content_type": 3, "object_id": "2", "object_repr": "Тестовый вопрос 2", "action_flag": 1, "change_message": "[{\"added\": {}}, {\"added\": {\"name\": \"\\u0412\\u0430\\u0440\\u0438\\u0430\\u043d\\u0442 \\u043e\\u0442\\u0432\\u0435\\u0442\\u0430\", \"object\": \"\\u0412\\u0435\\u0440\\u043d\\u044b\\u0439 \\u043e\\u0442\\u0432\\u0435\\u0442\"}}, {\"added\": {\"name\": \"\\u0412\\u0430\\u0440\\u0438\\u0430\\u043d\\u0442 \\u043e\\u0442\\u0432\\u0435\\u0442\\u0430\", \"object\": \"\\u041d\\u0435 \\u0432\\u0435\\u0440\\u043d\\u044b\\u0439 \\u043e\\u0442\\u0432\\u0435\\u0442\"}}]"}}, {"model": "admin.logentry", "pk": 4, "fields": {"action_time": "2023-07-09T21:22:04.205Z", "user": 1, "content_type": 3, "object_id": "1", "object_repr": "Тестовый вопрос", "action_flag": 2, "change_message": "[{\"changed\": {\"fields\": [\"\\u0412\\u043a\\u043b\\u044e\\u0447\\u0435\\u043d \\u0432 \\u0442\\u0435\\u0441\\u0442\"]}}]"}}, {"model": "admin.logentry", "pk": 5, "fields": {"action_time": "2023-07-09T21:22:08.943Z", "user": 1, "content_type": 2, "object_id": "1", "object_repr": "test", "action_flag": 2, "change_message": "[{\"changed\": {\"fields\": [\"\\u041e\\u043f\\u0443\\u0431\\u043b\\u0438\\u043a\\u043e\\u0432\\u0430\\u043d\"]}}]"}}, {"model": "admin.logentry", "pk": 6, "fields": {"action_time": "2023-07-09T23:19:50.060Z", "user": 1, "content_type": 2, "object_id": "2", "object_repr": "test2", "action_flag": 1, "change_message": "[{\"added\": {}}]"}}, {"model": "admin.logentry", "pk": 7, "fields": {"action_time": "2023-07-09T23:19:59.742Z", "user": 1, "content_type": 3, "object_id": "3", "object_repr": "Тестовый вопрос", "action_flag": 1, "change_message": "[{\"added\": {}}, {\"added\": {\"name\": \"\\u0412\\u0430\\u0440\\u0438\\u0430\\u043d\\u0442 \\u043e\\u0442\\u0432\\u0435\\u0442\\u0430\", \"object\": \"\\u0412\\u0435\\u0440\\u043d\\u044b\\u0439 \\u043e\\u0442\\u0432\\u0435\\u0442\"}}, {\"added\": {\"name\": \"\\u0412\\u0430\\u0440\\u0438\\u0430\\u043d\\u0442 \\u043e\\u0442\\u0432\\u0435\\u0442\\u0430\", \"object\": \"\\u041d\\u0435 \\u0432\\u0435\\u0440\\u043d\\u044b\\u0439 \\u043e\\u0442\\u0432\\u0435\\u0442\"}}]"}}, {"model": "admin.logentry", "pk": 8, "fields": {"action_time": "2023-07-09T23:20:11.771Z", "user": 1, "content_type": 3, "object_id": "4", "object_repr": "Тестовый вопрос 2", "action_flag": 1, "change_message": "[{\"added\": {}}, {\"added\": {\"name\": \"\\u0412\\u0430\\u0440\\u0438\\u0430\\u043d\\u0442 \\u043e\\u0442\\u0432\\u0435\\u0442\\u0430\", \"object\": \"\\u0412\\u0435\\u0440\\u043d\\u044b\\u0439 \\u043e\\u0442\\u0432\\u0435\\u0442\"}}, {\"added\": {\"name\": \"\\u0412\\u0430\\u0440\\u0438\\u0430\\u043d\\u0442 \\u043e\\u0442\\u0432\\u0435\\u0442\\u0430\", \"object\": \"\\u041d\\u0435 \\u0432\\u0435\\u0440\\u043d\\u044b\\u0439 \\u043e\\u0442\\u0432\\u0435\\u0442\"}}]"}}, {"model": "admin.logentry", "pk": 9, "fields": {"action_time": "2023-07-09T23:20:25.548Z", "user": 1, "content_type": 3, "object_id": "4", "object_repr": "Тестовый вопрос 2", "action_flag": 2, "change_message": "[{\"changed\": {\"fields\": [\"\\u0412\\u043a\\u043b\\u044e\\u0447\\u0435\\u043d \\u0432 \\u0442\\u0435\\u0441\\u0442\"]}}]"}}, {"model": "admin.logentry", "pk": 10, "fields": {"action_time": "2023-07-09T23:20:30.664Z", "user": 1, "content_type": 3, "object_id": "3", "object_repr": "Тестовый вопрос", "action_flag": 2, "change_message": "[{\"changed\": {\"fields\": [\"\\u0412\\u043a\\u043b\\u044e\\u0447\\u0435\\u043d \\u0432 \\u0442\\u0435\\u0441\\u0442\"]}}]"}}, {"model": "admin.logentry", "pk": 11, "fields": {"action_time": "2023-07-09T23:20:36.237Z", "user": 1, "content_type": 2, "object_id": "2", "object_repr": "test2", "action_flag": 2, "change_message": "[{\"changed\": {\"fields\": [\"\\u041e\\u043f\\u0443\\u0431\\u043b\\u0438\\u043a\\u043e\\u0432\\u0430\\u043d\"]}}]"}}, {"model": "admin.logentry", "pk": 12, "fields": {"action_time": "2023-07-09T23:56:05.658Z", "user": 1, "content_type": 2, "object_id": "3", "object_repr": "test3", "action_flag": 1, "change_message": "[{\"added\": {}}]"}}, {"model": "admin.logentry", "pk": 13, "fields": {"action_time": "2023-07-09T23:56:18.344Z", "user": 1, "content_type": 3, "object_id": "5", "object_repr": "Тестовый вопрос", "action_flag": 1, "change_message": "[{\"added\": {}}, {\"added\": {\"name\": \"\\u0412\\u0430\\u0440\\u0438\\u0430\\u043d\\u0442 \\u043e\\u0442\\u0432\\u0435\\u0442\\u0430\", \"object\": \"\\u0412\\u0435\\u0440\\u043d\\u044b\\u0439 \\u043e\\u0442\\u0432\\u0435\\u0442\"}}, {\"added\": {\"name\": \"\\u0412\\u0430\\u0440\\u0438\\u0430\\u043d\\u0442 \\u043e\\u0442\\u0432\\u0435\\u0442\\u0430\", \"object\": \"\\u041d\\u0435 \\u0432\\u0435\\u0440\\u043d\\u044b\\u0439 \\u043e\\u0442\\u0432\\u0435\\u0442\"}}]"}}, {"model": "admin.logentry", "pk": 14, "fields": {"action_time": "2023-07-09T23:56:30.803Z", "user": 1, "content_type": 3, "object_id": "6", "object_repr": "test", "action_flag": 1, "change_message": "[{\"added\": {}}, {\"added\": {\"name\": \"\\u0412\\u0430\\u0440\\u0438\\u0430\\u043d\\u0442 \\u043e\\u0442\\u0432\\u0435\\u0442\\u0430\", \"object\": \"\\u0412\\u0435\\u0440\\u043d\\u044b\\u0439 \\u043e\\u0442\\u0432\\u0435\\u0442\"}}, {\"added\": {\"name\": \"\\u0412\\u0430\\u0440\\u0438\\u0430\\u043d\\u0442 \\u043e\\u0442\\u0432\\u0435\\u0442\\u0430\", \"object\": \"\\u041d\\u0435 \\u0432\\u0435\\u0440\\u043d\\u044b\\u0439 \\u043e\\u0442\\u0432\\u0435\\u0442\"}}]"}}, {"model": "admin.logentry", "pk": 15, "fields": {"action_time": "2023-07-09T23:56:39.142Z", "user": 1, "content_type": 2, "object_id": "3", "object_repr": "test3", "action_flag": 2, "change_message": "[{\"changed\": {\"fields\": [\"\\u041e\\u043f\\u0443\\u0431\\u043b\\u0438\\u043a\\u043e\\u0432\\u0430\\u043d\"]}}]"}}, {"model": "admin.logentry", "pk": 16, "fields": {"action_time": "2023-07-10T00:01:07.754Z", "user": 1, "content_type": 2, "object_id": "4", "object_repr": "test", "action_flag": 1, "change_message": "[{\"added\": {}}]"}}, {"model": "admin.logentry", "pk": 17, "fields": {"action_time": "2023-07-10T00:01:21.307Z", "user": 1, "content_type": 3, "object_id": "7", "object_repr": "test", "action_flag": 1, "change_message": "[{\"added\": {}}, {\"added\": {\"name\": \"\\u0412\\u0430\\u0440\\u0438\\u0430\\u043d\\u0442 \\u043e\\u0442\\u0432\\u0435\\u0442\\u0430\", \"object\": \"test\"}}, {\"added\": {\"name\": \"\\u0412\\u0430\\u0440\\u0438\\u0430\\u043d\\u0442 \\u043e\\u0442\\u0432\\u0435\\u0442\\u0430\", \"object\": \"test\"}}]"}}, {"model": "admin.logentry", "pk": 18, "fields": {"action_time": "2023-07-10T00:01:35.243Z", "user": 1, "content_type": 3, "object_id": "8", "object_repr": "test", "action_flag": 1, "change_message": "[{\"added\": {}}, {\"added\": {\"name\": \"\\u0412\\u0430\\u0440\\u0438\\u0430\\u043d\\u0442 \\u043e\\u0442\\u0432\\u0435\\u0442\\u0430\", \"object\": \"test\"}}, {\"added\": {\"name\": \"\\u0412\\u0430\\u0440\\u0438\\u0430\\u043d\\u0442 \\u043e\\u0442\\u0432\\u0435\\u0442\\u0430\", \"object\": \"test\"}}]"}}, {"model": "admin.logentry", "pk": 19, "fields": {"action_time": "2023-07-10T00:01:41.637Z", "user": 1, "content_type": 2, "object_id": "4", "object_repr": "test", "action_flag": 2, "change_message": "[{\"changed\": {\"fields\": [\"\\u041e\\u043f\\u0443\\u0431\\u043b\\u0438\\u043a\\u043e\\u0432\\u0430\\u043d\"]}}]"}}, {"model": "admin.logentry", "pk": 20, "fields": {"action_time": "2023-07-12T16:03:38.927Z", "user": 1, "content_type": 5, "object_id": "5", "object_repr": "", "action_flag": 3, "change_message": ""}}, {"model": "admin.logentry", "pk": 21, "fields": {"action_time": "2023-07-12T16:03:38.953Z", "user": 1, "content_type": 5, "object_id": "4", "object_repr": "", "action_flag": 3, "change_message": ""}}, {"model": "admin.logentry", "pk": 22, "fields": {"action_time": "2023-07-12T16:03:38.960Z", "user": 1, "content_type": 5, "object_id": "3", "object_repr": "", "action_flag": 3, "change_message": ""}}, {"model": "admin.logentry", "pk": 23, "fields": {"action_time": "2023-07-12T16:03:38.964Z", "user": 1, "content_type": 5, "object_id": "2", "object_repr": "", "action_flag": 3, "change_message": ""}}, {"model": "admin.logentry", "pk": 24, "fields": {"action_time": "2023-07-12T16:03:38.968Z", "user": 1, "content_type": 5, "object_id": "1", "object_repr": "", "action_flag": 3, "change_message": ""}}, {"model": "admin.logentry", "pk": 25, "fields": {"action_time": "2023-07-12T16:04:34.861Z", "user": 1, "content_type": 5, "object_id": "6", "object_repr": "", "action_flag": 3, "change_message": ""}}, {"model": "admin.logentry", "pk": 26, "fields": {"action_time": "2023-07-12T16:14:41.979Z", "user": 1, "content_type": 5, "object_id": "12", "object_repr": "", "action_flag": 3, "change_message": ""}}, {"model": "admin.logentry", "pk": 27, "fields": {"action_time": "2023-07-12T16:14:41.986Z", "user": 1, "content_type": 5, "object_id": "11", "object_repr": "", "action_flag": 3, "change_message": ""}}, {"model": "admin.logentry", "pk": 28, "fields": {"action_time": "2023-07-12T16:14:41.994Z", "user": 1, "content_type": 5, "object_id": "10", "object_repr": "", "action_flag": 3, "change_message": ""}}, {"model": "admin.logentry", "pk": 29, "fields": {"action_time": "2023-07-12T16:14:42.001Z", "user": 1, "content_type": 5, "object_id": "9", "object_repr": "", "action_flag": 3, "change_message": ""}}, {"model": "admin.logentry", "pk": 30, "fields": {"action_time": "2023-07-12T16:14:42.011Z", "user": 1, "content_type": 5, "object_id": "8", "object_repr": "", "action_flag": 3, "change_message": ""}}, {"model": "admin.logentry", "pk": 31, "fields": {"action_time": "2023-07-12T16:14:42.020Z", "user": 1, "content_type": 5, "object_id": "7", "object_repr": "", "action_flag": 3, "change_message": ""}}, {"model": "admin.logentry", "pk": 32, "fields": {"action_time": "2023-07-12T16:19:17.669Z", "user": 1, "content_type": 5, "object_id": "13", "object_repr": "", "action_flag": 3, "change_message": ""}}, {"model": "admin.logentry", "pk": 33, "fields": {"action_time": "2023-07-12T19:10:31.994Z", "user": 1, "content_type": 5, "object_id": "15", "object_repr": "test3", "action_flag": 3, "change_message": ""}}, {"model": "admin.logentry", "pk": 34, "fields": {"action_time": "2023-07-12T19:10:32.032Z", "user": 1, "content_type": 5, "object_id": "14", "object_repr": "test2", "action_flag": 3, "change_message": ""}}, {"model": "admin.logentry", "pk": 35, "fields": {"action_time": "2023-07-12T19:13:31.720Z", "user": 1, "content_type": 5, "object_id": "17", "object_repr": "test", "action_flag": 3, "change_message": ""}}, {"model": "admin.logentry", "pk": 36, "fields": {"action_time": "2023-07-12T19:13:31.747Z", "user": 1, "content_type": 5, "object_id": "16", "object_repr": "test", "action_flag": 3, "change_message": ""}}, {"model": "admin.logentry", "pk": 37, "fields": {"action_time": "2023-07-12T23:12:07.386Z", "user": 1, "content_type": 2, "object_id": "5", "object_repr": "Столицы стран", "action_flag": 1, "change_message": "[{\"added\": {}}]"}}, {"model": "admin.logentry", "pk": 38, "fields": {"action_time": "2023-07-12T23:12:51.603Z", "user": 1, "content_type": 3, "object_id": "9", "object_repr": "Столица Ватикана", "action_flag": 1, "change_message": "[{\"added\": {}}, {\"added\": {\"name\": \"\\u0412\\u0430\\u0440\\u0438\\u0430\\u043d\\u0442 \\u043e\\u0442\\u0432\\u0435\\u0442\\u0430\", \"object\": \"\\u0412\\u0430\\u0442\\u0438\\u043a\\u0430\\u043d\"}}, {\"added\": {\"name\": \"\\u0412\\u0430\\u0440\\u0438\\u0430\\u043d\\u0442 \\u043e\\u0442\\u0432\\u0435\\u0442\\u0430\", \"object\": \"\\u0420\\u0438\\u043c\"}}, {\"added\": {\"name\": \"\\u0412\\u0430\\u0440\\u0438\\u0430\\u043d\\u0442 \\u043e\\u0442\\u0432\\u0435\\u0442\\u0430\", \"object\": \"\\u041c\\u0438\\u043b\\u0430\\u043d\"}}, {\"added\": {\"name\": \"\\u0412\\u0430\\u0440\\u0438\\u0430\\u043d\\u0442 \\u043e\\u0442\\u0432\\u0435\\u0442\\u0430\", \"object\": \"\\u041d\\u0435\\u0430\\u043f\\u043e\\u043b\\u044c\"}}]"}}, {"model": "admin.logentry", "pk": 39, "fields": {"action_time": "2023-07-12T23:17:29.798Z", "user": 1, "content_type": 3, "object_id": "10", "object_repr": "Какие города были столицей Индии в 20 веке", "action_flag": 1, "change_message": "[{\"added\": {}}, {\"added\": {\"name\": \"\\u0412\\u0430\\u0440\\u0438\\u0430\\u043d\\u0442 \\u043e\\u0442\\u0432\\u0435\\u0442\\u0430\", \"object\": \"\\u041d\\u044c\\u044e-\\u0414\\u0435\\u043b\\u0438\"}}, {\"added\": {\"name\": \"\\u0412\\u0430\\u0440\\u0438\\u0430\\u043d\\u0442 \\u043e\\u0442\\u0432\\u0435\\u0442\\u0430\", \"object\": \"\\u0414\\u0435\\u043b\\u0438\"}}, {\"added\": {\"name\": \"\\u0412\\u0430\\u0440\\u0438\\u0430\\u043d\\u0442 \\u043e\\u0442\\u0432\\u0435\\u0442\\u0430\", \"object\": \"\\u0410\\u043b\\u043b\\u0430\\u0445\\u0430\\u0431\\u0430\\u0434\"}}, {\"added\": {\"name\": \"\\u0412\\u0430\\u0440\\u0438\\u0430\\u043d\\u0442 \\u043e\\u0442\\u0432\\u0435\\u0442\\u0430\", \"object\": \"\\u041a\\u0430\\u043b\\u044c\\u043a\\u0443\\u0442\\u0442\\u0430\"}}]"}}, {"model": "admin.logentry", "pk": 40, "fields": {"action_time": "2023-07-12T23:18:11.691Z", "user": 1, "content_type": 3, "object_id": "11", "object_repr": "Столица Российской империи", "action_flag": 1, "change_message": "[{\"added\": {}}, {\"added\": {\"name\": \"\\u0412\\u0430\\u0440\\u0438\\u0430\\u043d\\u0442 \\u043e\\u0442\\u0432\\u0435\\u0442\\u0430\", \"object\": \"\\u041c\\u043e\\u0441\\u043a\\u0432\\u0430\"}}, {\"added\": {\"name\": \"\\u0412\\u0430\\u0440\\u0438\\u0430\\u043d\\u0442 \\u043e\\u0442\\u0432\\u0435\\u0442\\u0430\", \"object\": \"\\u0421\\u0430\\u043d\\u043a\\u0442-\\u041f\\u0435\\u0440\\u0435\\u0442\\u0431\\u0443\\u0440\\u0433\"}}, {\"added\": {\"name\": \"\\u0412\\u0430\\u0440\\u0438\\u0430\\u043d\\u0442 \\u043e\\u0442\\u0432\\u0435\\u0442\\u0430\", \"object\": \"\\u041a\\u0430\\u0437\\u0430\\u043d\\u044c\"}}]"}}, {"model": "admin.logentry", "pk": 41, "fields": {"action_time": "2023-07-12T23:20:39.995Z", "user": 1, "content_type": 3, "object_id": "12", "object_repr": "Столица Бургундии (13 век)", "action_flag": 1, "change_message": "[{\"added\": {}}, {\"added\": {\"name\": \"\\u0412\\u0430\\u0440\\u0438\\u0430\\u043d\\u0442 \\u043e\\u0442\\u0432\\u0435\\u0442\\u0430\", \"object\": \"\\u041c\\u043e\\u043d\\u0442\\u0435-\\u041a\\u0430\\u0440\\u043b\\u043e\"}}, {\"added\": {\"name\": \"\\u0412\\u0430\\u0440\\u0438\\u0430\\u043d\\u0442 \\u043e\\u0442\\u0432\\u0435\\u0442\\u0430\", \"object\": \"\\u0410\\u0445\\u0435\\u043d\"}}, {\"added\": {\"name\": \"\\u0412\\u0430\\u0440\\u0438\\u0430\\u043d\\u0442 \\u043e\\u0442\\u0432\\u0435\\u0442\\u0430\", \"object\": \"\\u0414\\u0438\\u0436\\u043e\\u043d\"}}]"}}, {"model": "admin.logentry", "pk": 42, "fields": {"action_time": "2023-07-12T23:22:36.239Z", "user": 1, "content_type": 3, "object_id": "13", "object_repr": "Столица Шотландии", "action_flag": 1, "change_message": "[{\"added\": {}}, {\"added\": {\"name\": \"\\u0412\\u0430\\u0440\\u0438\\u0430\\u043d\\u0442 \\u043e\\u0442\\u0432\\u0435\\u0442\\u0430\", \"object\": \"\\u0414\\u0438\\u0436\\u043e\\u043d\"}}, {\"added\": {\"name\": \"\\u0412\\u0430\\u0440\\u0438\\u0430\\u043d\\u0442 \\u043e\\u0442\\u0432\\u0435\\u0442\\u0430\", \"object\": \"\\u0413\\u043b\\u0430\\u0437\\u0433\\u043e\"}}, {\"added\": {\"name\": \"\\u0412\\u0430\\u0440\\u0438\\u0430\\u043d\\u0442 \\u043e\\u0442\\u0432\\u0435\\u0442\\u0430\", \"object\": \"\\u041b\\u043e\\u043d\\u0434\\u043e\\u043d\"}}, {\"added\": {\"name\": \"\\u0412\\u0430\\u0440\\u0438\\u0430\\u043d\\u0442 \\u043e\\u0442\\u0432\\u0435\\u0442\\u0430\", \"object\": \"\\u042d\\u0434\\u0438\\u043d\\u0431\\u0443\\u0440\\u0433\"}}]"}}, {"model": "admin.logentry", "pk": 43, "fields": {"action_time": "2023-07-12T23:22:53.306Z", "user": 1, "content_type": 2, "object_id": "5", "object_repr": "Столицы стран", "action_flag": 2, "change_message": "[{\"changed\": {\"fields\": [\"\\u041e\\u043f\\u0443\\u0431\\u043b\\u0438\\u043a\\u043e\\u0432\\u0430\\u043d\"]}}]"}}, {"model": "auth.permission", "pk": 1, "fields": {"name": "Can add Вопрос", "content_type": 1, "codename": "add_answeredquestion"}}, {"model": "auth.permission", "pk": 2, "fields": {"name": "Can change Вопрос", "content_type": 1, "codename": "change_answeredquestion"}}, {"model": "auth.permission", "pk": 3, "fields": {"name": "Can delete Вопрос", "content_type": 1, "codename": "delete_answeredquestion"}}, {"model": "auth.permission", "pk": 4, "fields": {"name": "Can view Вопрос", "content_type": 1, "codename": "view_answeredquestion"}}, {"model": "auth.permission", "pk": 5, "fields": {"name": "Can add Тест", "content_type": 2, "codename": "add_poll"}}, {"model": "auth.permission", "pk": 6, "fields": {"name": "Can change Тест", "content_type": 2, "codename": "change_poll"}}, {"model": "auth.permission", "pk": 7, "fields": {"name": "Can delete Тест", "content_type": 2, "codename": "delete_poll"}}, {"model": "auth.permission", "pk": 8, "fields": {"name": "Can view Тест", "content_type": 2, "codename": "view_poll"}}, {"model": "auth.permission", "pk": 9, "fields": {"name": "Can add Вопрос", "content_type": 3, "codename": "add_question"}}, {"model": "auth.permission", "pk": 10, "fields": {"name": "Can change Вопрос", "content_type": 3, "codename": "change_question"}}, {"model": "auth.permission", "pk": 11, "fields": {"name": "Can delete Вопрос", "content_type": 3, "codename": "delete_question"}}, {"model": "auth.permission", "pk": 12, "fields": {"name": "Can view Вопрос", "content_type": 3, "codename": "view_question"}}, {"model": "auth.permission", "pk": 13, "fields": {"name": "Can add Вариант ответа", "content_type": 4, "codename": "add_option"}}, {"model": "auth.permission", "pk": 14, "fields": {"name": "Can change Вариант ответа", "content_type": 4, "codename": "change_option"}}, {"model": "auth.permission", "pk": 15, "fields": {"name": "Can delete Вариант ответа", "content_type": 4, "codename": "delete_option"}}, {"model": "auth.permission", "pk": 16, "fields": {"name": "Can view Вариант ответа", "content_type": 4, "codename": "view_option"}}, {"model": "auth.permission", "pk": 17, "fields": {"name": "Can add Тест", "content_type": 5, "codename": "add_completedpool"}}, {"model": "auth.permission", "pk": 18, "fields": {"name": "Can change Тест", "content_type": 5, "codename": "change_completedpool"}}, {"model": "auth.permission", "pk": 19, "fields": {"name": "Can delete Тест", "content_type": 5, "codename": "delete_completedpool"}}, {"model": "auth.permission", "pk": 20, "fields": {"name": "Can view Тест", "content_type": 5, "codename": "view_completedpool"}}, {"model": "auth.permission", "pk": 21, "fields": {"name": "Can add Вариант ответа", "content_type": 6, "codename": "add_chosenoption"}}, {"model": "auth.permission", "pk": 22, "fields": {"name": "Can change Вариант ответа", "content_type": 6, "codename": "change_chosenoption"}}, {"model": "auth.permission", "pk": 23, "fields": {"name": "Can delete Вариант ответа", "content_type": 6, "codename": "delete_chosenoption"}}, {"model": "auth.permission", "pk": 24, "fields": {"name": "Can view Вариант ответа", "content_type": 6, "codename": "view_chosenoption"}}, {"model": "auth.permission", "pk": 25, "fields": {"name": "Can add log entry", "content_type": 7, "codename": "add_logentry"}}, {"model": "auth.permission", "pk": 26, "fields": {"name": "Can change log entry", "content_type": 7, "codename": "change_logentry"}}, {"model": "auth.permission", "pk": 27, "fields": {"name": "Can delete log entry", "content_type": 7, "codename": "delete_logentry"}}, {"model": "auth.permission", "pk": 28, "fields": {"name": "Can view log entry", "content_type": 7, "codename": "view_logentry"}}, {"model": "auth.permission", "pk": 29, "fields": {"name": "Can add permission", "content_type": 8, "codename": "add_permission"}}, {"model": "auth.permission", "pk": 30, "fields": {"name": "Can change permission", "content_type": 8, "codename": "change_permission"}}, {"model": "auth.permission", "pk": 31, "fields": {"name": "Can delete permission", "content_type": 8, "codename": "delete_permission"}}, {"model": "auth.permission", "pk": 32, "fields": {"name": "Can view permission", "content_type": 8, "codename": "view_permission"}}, {"model": "auth.permission", "pk": 33, "fields": {"name": "Can add group", "content_type": 9, "codename": "add_group"}}, {"model": "auth.permission", "pk": 34, "fields": {"name": "Can change group", "content_type": 9, "codename": "change_group"}}, {"model": "auth.permission", "pk": 35, "fields": {"name": "Can delete group", "content_type": 9, "codename": "delete_group"}}, {"model": "auth.permission", "pk": 36, "fields": {"name": "Can view group", "content_type": 9, "codename": "view_group"}}, {"model": "auth.permission", "pk": 37, "fields": {"name": "Can add user", "content_type": 10, "codename": "add_user"}}, {"model": "auth.permission", "pk": 38, "fields": {"name": "Can change user", "content_type": 10, "codename": "change_user"}}, {"model": "auth.permission", "pk": 39, "fields": {"name": "Can delete user", "content_type": 10, "codename": "delete_user"}}, {"model": "auth.permission", "pk": 40, "fields": {"name": "Can view user", "content_type": 10, "codename": "view_user"}}, {"model": "auth.permission", "pk": 41, "fields": {"name": "Can add content type", "content_type": 11, "codename": "add_contenttype"}}, {"model": "auth.permission", "pk": 42, "fields": {"name": "Can change content type", "content_type": 11, "codename": "change_contenttype"}}, {"model": "auth.permission", "pk": 43, "fields": {"name": "Can delete content type", "content_type": 11, "codename": "delete_contenttype"}}, {"model": "auth.permission", "pk": 44, "fields": {"name": "Can view content type", "content_type": 11, "codename": "view_contenttype"}}, {"model": "auth.permission", "pk": 45, "fields": {"name": "Can add session", "content_type": 12, "codename": "add_session"}}, {"model": "auth.permission", "pk": 46, "fields": {"name": "Can change session", "content_type": 12, "codename": "change_session"}}, {"model": "auth.permission", "pk": 47, "fields": {"name": "Can delete session", "content_type": 12, "codename": "delete_session"}}, {"model": "auth.permission", "pk": 48, "fields": {"name": "Can view session", "content_type": 12, "codename": "view_session"}}, {"model": "auth.user", "pk": 1, "fields": {"password": "pbkdf2_sha256$600000$dkUA1hEOr7GNw5PwC5oEd4$dCHixemvxBcPxMi0zw8Bs7vPT6EeZehqlYy9lH/4W84=", "last_login": "2023-07-12T19:54:51.084Z", "is_superuser": true, "username": "admin", "first_name": "", "last_name": "", "email": "admin@admin.admin", "is_staff": true, "is_active": true, "date_joined": "2023-07-09T21:21:04.315Z", "groups": [], "user_permissions": []}}, {"model": "contenttypes.contenttype", "pk": 1, "fields": {"app_label": "polls", "model": "answeredquestion"}}, {"model": "contenttypes.contenttype", "pk": 2, "fields": {"app_label": "polls", "model": "poll"}}, {"model": "contenttypes.contenttype", "pk": 3, "fields": {"app_label": "polls", "model": "question"}}, {"model": "contenttypes.contenttype", "pk": 4, "fields": {"app_label": "polls", "model": "option"}}, {"model": "contenttypes.contenttype", "pk": 5, "fields": {"app_label": "polls", "model": "completedpool"}}, {"model": "contenttypes.contenttype", "pk": 6, "fields": {"app_label": "polls", "model": "chosenoption"}}, {"model": "contenttypes.contenttype", "pk": 7, "fields": {"app_label": "admin", "model": "logentry"}}, {"model": "contenttypes.contenttype", "pk": 8, "fields": {"app_label": "auth", "model": "permission"}}, {"model": "contenttypes.contenttype", "pk": 9, "fields": {"app_label": "auth", "model": "group"}}, {"model": "contenttypes.contenttype", "pk": 10, "fields": {"app_label": "auth", "model": "user"}}, {"model": "contenttypes.contenttype", "pk": 11, "fields": {"app_label": "contenttypes", "model": "contenttype"}}, {"model": "contenttypes.contenttype", "pk": 12, "fields": {"app_label": "sessions", "model": "session"}}, {"model": "sessions.session", "pk": "pnto3vaqxlcsm81rd00bj6ufvb08t7ek", "fields": {"session_data": ".eJxVjEEOwiAQRe_C2hCwMAMu3fcMZIBBqoYmpV0Z765NutDtf-_9lwi0rTVsnZcwZXERWpx-t0jpwW0H-U7tNss0t3WZotwVedAuxznz83q4fweVev3WDvOQjY2ejCqARTPqpBVABEXWlMxOFRxcJNYECbU_oy8GvDOOLVjx_gDb_Ddg:1qJfvH:PqIojrwbiE5fNux2p2kMojIjzqA8hqdVw5fuOKT5-QQ", "expire_date": "2023-07-26T19:54:51.100Z"}}]